{"loss": [0.8180794715881348, 0.5980282425880432, 0.5581661462783813, 0.5249845385551453, 0.48639386892318726, 0.45990219712257385, 0.4342888593673706, 0.4025391936302185, 0.3631594777107239, 0.3377509117126465, 0.316879004240036, 0.29733556509017944, 0.2857668101787567, 0.2688388228416443, 0.25827810168266296, 0.24528102576732635, 0.23421862721443176, 0.23203104734420776, 0.21705563366413116, 0.20865146815776825], "accuracy": [0.609749972820282, 0.6791250109672546, 0.7141249775886536, 0.7353749871253967, 0.7637500166893005, 0.7851250171661377, 0.7944999933242798, 0.8152499794960022, 0.8358749747276306, 0.8495000004768372, 0.8601250052452087, 0.8678749799728394, 0.8777499794960022, 0.8826249837875366, 0.887499988079071, 0.8921250104904175, 0.9028750061988831, 0.906125009059906, 0.9097499847412109, 0.9146249890327454], "val_loss": [0.6079795360565186, 0.5034197568893433, 0.4744897484779358, 0.4839446544647217, 0.43953096866607666, 0.4574487805366516, 0.3779652714729309, 0.32609930634498596, 0.3819241225719452, 0.4105774760246277, 0.2623053193092346, 0.22695930302143097, 0.22847919166088104, 0.20744924247264862, 0.19636555016040802, 0.19463403522968292, 0.19322147965431213, 0.18387097120285034, 0.17245155572891235, 0.20665960013866425], "val_accuracy": [0.6683467626571655, 0.7615927457809448, 0.7666330933570862, 0.7636088728904724, 0.78125, 0.7928427457809448, 0.8377016186714172, 0.8608871102333069, 0.828125, 0.8079637289047241, 0.8916330933570862, 0.8986895084381104, 0.9052419066429138, 0.9102822542190552, 0.921875, 0.9238911271095276, 0.9254032373428345, 0.9203628897666931, 0.9324596524238586, 0.9203628897666931]}